,OrderId,InitialId,ParentId,Side,Product,DeliveryStart,DeliveryEnd,CreationTime,DeliveryArea,ExecutionRestriction,UserDefinedBlock,LinkedBasketId,RevisionNo,ActionCode,TransactionTime,ValidityTime,Price,Currency,Quantity,QuantityUnit,Volume,VolumeUnit,BlockVolume
0,11591798195,11591798195,0.0,SELL,XBID_Hour_Power,2021-06-26 13:00:00+00:00,2021-06-26 14:00:00+00:00,2021-06-25 13:00:13.446000+00:00,NL,NON,N,0.0,1,H,2021-06-25 13:00:13.446000+00:00,0.0,500.0,EUR,1.0,MAW,0.0,MWH,[0]
1,11591798196,11591798196,0.0,SELL,XBID_Hour_Power,2021-06-26 09:00:00+00:00,2021-06-26 10:00:00+00:00,2021-06-25 13:00:13.446000+00:00,NL,NON,N,0.0,1,H,2021-06-25 13:00:13.446000+00:00,0.0,500.0,EUR,1.0,MAW,0.0,MWH,[0]
2,11591798197,11591798197,0.0,SELL,XBID_Hour_Power,2021-06-26 20:00:00+00:00,2021-06-26 21:00:00+00:00,2021-06-25 13:00:13.446000+00:00,NL,NON,N,0.0,1,H,2021-06-25 13:00:13.446000+00:00,0.0,500.0,EUR,4.0,MAW,0.0,MWH,[0]
3,11591798198,11591798198,0.0,SELL,XBID_Hour_Power,2021-06-26 19:00:00+00:00,2021-06-26 20:00:00+00:00,2021-06-25 13:00:13.446000+00:00,NL,NON,N,0.0,1,H,2021-06-25 13:00:13.446000+00:00,0.0,500.0,EUR,4.0,MAW,0.0,MWH,[0]
4,11591798301,11591798301,0.0,SELL,XBID_Hour_Power,2021-06-26 15:00:00+00:00,2021-06-26 16:00:00+00:00,2021-06-25 13:00:13.768000+00:00,NL,NON,N,0.0,1,H,2021-06-25 13:00:13.768000+00:00,0.0,500.0,EUR,1.0,MAW,0.0,MWH,[0]
5,11591798302,11591798302,0.0,SELL,XBID_Hour_Power,2021-06-26 14:00:00+00:00,2021-06-26 15:00:00+00:00,2021-06-25 13:00:13.768000+00:00,NL,NON,N,0.0,1,H,2021-06-25 13:00:13.768000+00:00,0.0,500.0,EUR,1.0,MAW,0.0,MWH,[0]
6,11591798685,11591798685,0.0,SELL,XBID_Hour_Power,2021-06-26 01:00:00+00:00,2021-06-26 02:00:00+00:00,2021-06-25 13:00:15.966000+00:00,NL,NON,N,0.0,1,H,2021-06-25 13:00:15.966000+00:00,0.0,500.0,EUR,2.0,MAW,0.0,MWH,[0]
7,11591798686,11591798686,0.0,SELL,XBID_Hour_Power,2021-06-25 22:00:00+00:00,2021-06-25 23:00:00+00:00,2021-06-25 13:00:15.966000+00:00,NL,NON,N,0.0,1,H,2021-06-25 13:00:15.966000+00:00,0.0,500.0,EUR,4.0,MAW,0.0,MWH,[0]
8,11591798687,11591798687,0.0,SELL,XBID_Hour_Power,2021-06-26 00:00:00+00:00,2021-06-26 01:00:00+00:00,2021-06-25 13:00:15.966000+00:00,NL,NON,N,0.0,1,H,2021-06-25 13:00:15.966000+00:00,0.0,500.0,EUR,4.0,MAW,0.0,MWH,[0]
9,11591798688,11591798688,0.0,SELL,XBID_Hour_Power,2021-06-26 17:00:00+00:00,2021-06-26 18:00:00+00:00,2021-06-25 13:00:15.966000+00:00,NL,NON,N,0.0,1,H,2021-06-25 13:00:15.966000+00:00,0.0,500.0,EUR,2.0,MAW,0.0,MWH,[0]
10,11591798689,11591798689,0.0,SELL,XBID_Hour_Power,2021-06-26 02:00:00+00:00,2021-06-26 03:00:00+00:00,2021-06-25 13:00:15.966000+00:00,NL,NON,N,0.0,1,H,2021-06-25 13:00:15.966000+00:00,0.0,500.0,EUR,2.0,MAW,0.0,MWH,[0]
11,11591798690,11591798690,0.0,SELL,XBID_Hour_Power,2021-06-26 16:00:00+00:00,2021-06-26 17:00:00+00:00,2021-06-25 13:00:15.966000+00:00,NL,NON,N,0.0,1,H,2021-06-25 13:00:15.966000+00:00,0.0,500.0,EUR,2.0,MAW,0.0,MWH,[0]
12,11591798691,11591798691,0.0,SELL,XBID_Hour_Power,2021-06-26 10:00:00+00:00,2021-06-26 11:00:00+00:00,2021-06-25 13:00:15.966000+00:00,NL,NON,N,0.0,1,H,2021-06-25 13:00:15.966000+00:00,0.0,500.0,EUR,1.0,MAW,0.0,MWH,[0]
13,11591798692,11591798692,0.0,SELL,XBID_Hour_Power,2021-06-26 06:00:00+00:00,2021-06-26 07:00:00+00:00,2021-06-25 13:00:15.966000+00:00,NL,NON,N,0.0,1,H,2021-06-25 13:00:15.966000+00:00,0.0,500.0,EUR,1.0,MAW,0.0,MWH,[0]
14,11591798721,11591798721,0.0,SELL,XBID_Hour_Power,2021-06-26 04:00:00+00:00,2021-06-26 05:00:00+00:00,2021-06-25 13:00:16.252000+00:00,NL,NON,N,0.0,1,H,2021-06-25 13:00:16.252000+00:00,0.0,500.0,EUR,1.0,MAW,0.0,MWH,[0]
15,11591798722,11591798722,0.0,SELL,XBID_Hour_Power,2021-06-26 08:00:00+00:00,2021-06-26 09:00:00+00:00,2021-06-25 13:00:16.252000+00:00,NL,NON,N,0.0,1,H,2021-06-25 13:00:16.252000+00:00,0.0,500.0,EUR,1.0,MAW,0.0,MWH,[0]
16,11591798901,11591798901,0.0,SELL,XBID_Hour_Power,2021-06-26 12:00:00+00:00,2021-06-26 13:00:00+00:00,2021-06-25 13:00:17.065000+00:00,NL,NON,N,0.0,1,H,2021-06-25 13:00:17.065000+00:00,0.0,500.0,EUR,1.0,MAW,0.0,MWH,[0]
17,11591798902,11591798902,0.0,SELL,XBID_Hour_Power,2021-06-26 11:00:00+00:00,2021-06-26 12:00:00+00:00,2021-06-25 13:00:17.065000+00:00,NL,NON,N,0.0,1,H,2021-06-25 13:00:17.065000+00:00,0.0,500.0,EUR,1.0,MAW,0.0,MWH,[0]
18,11591799558,11591799558,0.0,SELL,XBID_Hour_Power,2021-06-26 07:00:00+00:00,2021-06-26 08:00:00+00:00,2021-06-25 13:00:20.918000+00:00,NL,NON,N,0.0,1,H,2021-06-25 13:00:20.918000+00:00,0.0,500.0,EUR,1.0,MAW,0.0,MWH,[0]
19,11591799774,11591799774,0.0,SELL,Intraday_Quarter_Hour_Power,2021-06-26 15:15:00+00:00,2021-06-26 15:30:00+00:00,2021-06-25 13:00:22.392000+00:00,NL,NON,N,0.0,1,H,2021-06-25 13:00:22.392000+00:00,0.0,500.0,EUR,1.0,MAW,0.0,MWH,[0]
20,11591799775,11591799775,0.0,SELL,Intraday_Quarter_Hour_Power,2021-06-26 15:30:00+00:00,2021-06-26 15:45:00+00:00,2021-06-25 13:00:22.392000+00:00,NL,NON,N,0.0,1,H,2021-06-25 13:00:22.392000+00:00,0.0,500.0,EUR,1.0,MAW,0.0,MWH,[0]
21,11591799776,11591799776,0.0,SELL,Intraday_Quarter_Hour_Power,2021-06-26 15:45:00+00:00,2021-06-26 16:00:00+00:00,2021-06-25 13:00:22.392000+00:00,NL,NON,N,0.0,1,H,2021-06-25 13:00:22.392000+00:00,0.0,500.0,EUR,1.0,MAW,0.0,MWH,[0]
22,11591799778,11591799778,0.0,SELL,Intraday_Quarter_Hour_Power,2021-06-26 11:00:00+00:00,2021-06-26 11:15:00+00:00,2021-06-25 13:00:22.392000+00:00,NL,NON,N,0.0,1,H,2021-06-25 13:00:22.392000+00:00,0.0,500.0,EUR,0.8,MAW,0.0,MWH,[0]
23,11591799779,11591799779,0.0,SELL,Intraday_Quarter_Hour_Power,2021-06-26 11:15:00+00:00,2021-06-26 11:30:00+00:00,2021-06-25 13:00:22.392000+00:00,NL,NON,N,0.0,1,H,2021-06-25 13:00:22.392000+00:00,0.0,500.0,EUR,0.4,MAW,0.0,MWH,[0]
24,11591799780,11591799780,0.0,SELL,Intraday_Quarter_Hour_Power,2021-06-26 11:45:00+00:00,2021-06-26 12:00:00+00:00,2021-06-25 13:00:22.392000+00:00,NL,NON,N,0.0,1,H,2021-06-25 13:00:22.392000+00:00,0.0,500.0,EUR,0.7,MAW,0.0,MWH,[0]
25,11591799781,11591799781,0.0,SELL,Intraday_Quarter_Hour_Power,2021-06-26 10:00:00+00:00,2021-06-26 10:15:00+00:00,2021-06-25 13:00:22.392000+00:00,NL,NON,N,0.0,1,H,2021-06-25 13:00:22.392000+00:00,0.0,500.0,EUR,0.9,MAW,0.0,MWH,[0]
26,11591799782,11591799782,0.0,SELL,Intraday_Quarter_Hour_Power,2021-06-26 10:15:00+00:00,2021-06-26 10:30:00+00:00,2021-06-25 13:00:22.392000+00:00,NL,NON,N,0.0,1,H,2021-06-25 13:00:22.392000+00:00,0.0,500.0,EUR,0.9,MAW,0.0,MWH,[0]
27,11591799783,11591799783,0.0,SELL,Intraday_Quarter_Hour_Power,2021-06-26 10:30:00+00:00,2021-06-26 10:45:00+00:00,2021-06-25 13:00:22.392000+00:00,NL,NON,N,0.0,1,H,2021-06-25 13:00:22.392000+00:00,0.0,500.0,EUR,0.8,MAW,0.0,MWH,[0]
28,11591799813,11591799813,0.0,SELL,Intraday_Quarter_Hour_Power,2021-06-26 07:15:00+00:00,2021-06-26 07:30:00+00:00,2021-06-25 13:00:22.850000+00:00,NL,NON,N,0.0,1,H,2021-06-25 13:00:22.850000+00:00,0.0,500.0,EUR,0.3,MAW,0.0,MWH,[0]
29,11591799814,11591799814,0.0,SELL,Intraday_Quarter_Hour_Power,2021-06-26 07:30:00+00:00,2021-06-26 07:45:00+00:00,2021-06-25 13:00:22.850000+00:00,NL,NON,N,0.0,1,H,2021-06-25 13:00:22.850000+00:00,0.0,500.0,EUR,0.6,MAW,0.0,MWH,[0]
30,11591799815,11591799815,0.0,SELL,Intraday_Quarter_Hour_Power,2021-06-26 07:45:00+00:00,2021-06-26 08:00:00+00:00,2021-06-25 13:00:22.850000+00:00,NL,NON,N,0.0,1,H,2021-06-25 13:00:22.850000+00:00,0.0,500.0,EUR,0.8,MAW,0.0,MWH,[0]
31,11591799818,11591799818,0.0,SELL,Intraday_Quarter_Hour_Power,2021-06-26 01:00:00+00:00,2021-06-26 01:15:00+00:00,2021-06-25 13:00:22.871000+00:00,NL,NON,N,0.0,1,H,2021-06-25 13:00:22.871000+00:00,0.0,500.0,EUR,1.0,MAW,0.0,MWH,[0]
32,11591799819,11591799819,0.0,SELL,Intraday_Quarter_Hour_Power,2021-06-26 01:15:00+00:00,2021-06-26 01:30:00+00:00,2021-06-25 13:00:22.871000+00:00,NL,NON,N,0.0,1,H,2021-06-25 13:00:22.871000+00:00,0.0,500.0,EUR,1.0,MAW,0.0,MWH,[0]
33,11591799820,11591799820,0.0,SELL,Intraday_Quarter_Hour_Power,2021-06-26 01:30:00+00:00,2021-06-26 01:45:00+00:00,2021-06-25 13:00:22.871000+00:00,NL,NON,N,0.0,1,H,2021-06-25 13:00:22.871000+00:00,0.0,500.0,EUR,1.0,MAW,0.0,MWH,[0]
34,11591799821,11591799821,0.0,SELL,Intraday_Quarter_Hour_Power,2021-06-26 02:00:00+00:00,2021-06-26 02:15:00+00:00,2021-06-25 13:00:22.871000+00:00,NL,NON,N,0.0,1,H,2021-06-25 13:00:22.871000+00:00,0.0,500.0,EUR,1.0,MAW,0.0,MWH,[0]
35,11591799822,11591799822,0.0,SELL,Intraday_Quarter_Hour_Power,2021-06-26 02:15:00+00:00,2021-06-26 02:30:00+00:00,2021-06-25 13:00:22.871000+00:00,NL,NON,N,0.0,1,H,2021-06-25 13:00:22.871000+00:00,0.0,500.0,EUR,1.0,MAW,0.0,MWH,[0]
36,11591799823,11591799823,0.0,SELL,Intraday_Quarter_Hour_Power,2021-06-26 02:30:00+00:00,2021-06-26 02:45:00+00:00,2021-06-25 13:00:22.871000+00:00,NL,NON,N,0.0,1,H,2021-06-25 13:00:22.871000+00:00,0.0,500.0,EUR,1.0,MAW,0.0,MWH,[0]
37,11591799824,11591799824,0.0,SELL,Intraday_Quarter_Hour_Power,2021-06-26 16:15:00+00:00,2021-06-26 16:30:00+00:00,2021-06-25 13:00:22.871000+00:00,NL,NON,N,0.0,1,H,2021-06-25 13:00:22.871000+00:00,0.0,500.0,EUR,1.0,MAW,0.0,MWH,[0]
38,11591799825,11591799825,0.0,SELL,Intraday_Quarter_Hour_Power,2021-06-26 16:30:00+00:00,2021-06-26 16:45:00+00:00,2021-06-25 13:00:22.871000+00:00,NL,NON,N,0.0,1,H,2021-06-25 13:00:22.871000+00:00,0.0,500.0,EUR,1.0,MAW,0.0,MWH,[0]
39,11591799826,11591799826,0.0,SELL,Intraday_Quarter_Hour_Power,2021-06-26 16:45:00+00:00,2021-06-26 17:00:00+00:00,2021-06-25 13:00:22.871000+00:00,NL,NON,N,0.0,1,H,2021-06-25 13:00:22.871000+00:00,0.0,500.0,EUR,1.0,MAW,0.0,MWH,[0]
40,11591799827,11591799827,0.0,SELL,Intraday_Quarter_Hour_Power,2021-06-26 00:00:00+00:00,2021-06-26 00:15:00+00:00,2021-06-25 13:00:22.871000+00:00,NL,NON,N,0.0,1,H,2021-06-25 13:00:22.871000+00:00,0.0,500.0,EUR,1.0,MAW,0.0,MWH,[0]
41,11591799828,11591799828,0.0,SELL,Intraday_Quarter_Hour_Power,2021-06-26 00:15:00+00:00,2021-06-26 00:30:00+00:00,2021-06-25 13:00:22.871000+00:00,NL,NON,N,0.0,1,H,2021-06-25 13:00:22.871000+00:00,0.0,500.0,EUR,1.0,MAW,0.0,MWH,[0]
42,11591799829,11591799829,0.0,SELL,Intraday_Quarter_Hour_Power,2021-06-26 00:30:00+00:00,2021-06-26 00:45:00+00:00,2021-06-25 13:00:22.871000+00:00,NL,NON,N,0.0,1,H,2021-06-25 13:00:22.871000+00:00,0.0,500.0,EUR,1.0,MAW,0.0,MWH,[0]
43,11591799830,11591799830,0.0,SELL,Intraday_Quarter_Hour_Power,2021-06-25 22:00:00+00:00,2021-06-25 22:15:00+00:00,2021-06-25 13:00:22.871000+00:00,NL,NON,N,0.0,1,H,2021-06-25 13:00:22.871000+00:00,0.0,500.0,EUR,1.0,MAW,0.0,MWH,[0]
44,11591799831,11591799831,0.0,SELL,Intraday_Quarter_Hour_Power,2021-06-25 22:15:00+00:00,2021-06-25 22:30:00+00:00,2021-06-25 13:00:22.871000+00:00,NL,NON,N,0.0,1,H,2021-06-25 13:00:22.871000+00:00,0.0,500.0,EUR,0.9,MAW,0.0,MWH,[0]
45,11591799832,11591799832,0.0,SELL,Intraday_Quarter_Hour_Power,2021-06-25 22:30:00+00:00,2021-06-25 22:45:00+00:00,2021-06-25 13:00:22.871000+00:00,NL,NON,N,0.0,1,H,2021-06-25 13:00:22.871000+00:00,0.0,500.0,EUR,0.4,MAW,0.0,MWH,[0]
46,11591799833,11591799833,0.0,SELL,Intraday_Quarter_Hour_Power,2021-06-26 14:15:00+00:00,2021-06-26 14:30:00+00:00,2021-06-25 13:00:22.871000+00:00,NL,NON,N,0.0,1,H,2021-06-25 13:00:22.871000+00:00,0.0,500.0,EUR,0.6,MAW,0.0,MWH,[0]
47,11591799834,11591799834,0.0,SELL,Intraday_Quarter_Hour_Power,2021-06-26 14:30:00+00:00,2021-06-26 14:45:00+00:00,2021-06-25 13:00:22.871000+00:00,NL,NON,N,0.0,1,H,2021-06-25 13:00:22.871000+00:00,0.0,500.0,EUR,1.0,MAW,0.0,MWH,[0]
48,11591799835,11591799835,0.0,SELL,Intraday_Quarter_Hour_Power,2021-06-26 14:45:00+00:00,2021-06-26 15:00:00+00:00,2021-06-25 13:00:22.871000+00:00,NL,NON,N,0.0,1,H,2021-06-25 13:00:22.871000+00:00,0.0,500.0,EUR,1.0,MAW,0.0,MWH,[0]
49,11591799836,11591799836,0.0,SELL,Intraday_Quarter_Hour_Power,2021-06-26 19:15:00+00:00,2021-06-26 19:30:00+00:00,2021-06-25 13:00:22.871000+00:00,NL,NON,N,0.0,1,H,2021-06-25 13:00:22.871000+00:00,0.0,500.0,EUR,1.0,MAW,0.0,MWH,[0]
50,11591799837,11591799837,0.0,SELL,Intraday_Quarter_Hour_Power,2021-06-26 19:30:00+00:00,2021-06-26 19:45:00+00:00,2021-06-25 13:00:22.871000+00:00,NL,NON,N,0.0,1,H,2021-06-25 13:00:22.871000+00:00,0.0,500.0,EUR,1.0,MAW,0.0,MWH,[0]
51,11591799838,11591799838,0.0,SELL,Intraday_Quarter_Hour_Power,2021-06-26 19:45:00+00:00,2021-06-26 20:00:00+00:00,2021-06-25 13:00:22.871000+00:00,NL,NON,N,0.0,1,H,2021-06-25 13:00:22.871000+00:00,0.0,500.0,EUR,1.0,MAW,0.0,MWH,[0]
52,11591799839,11591799839,0.0,SELL,Intraday_Quarter_Hour_Power,2021-06-26 06:15:00+00:00,2021-06-26 06:30:00+00:00,2021-06-25 13:00:22.871000+00:00,NL,NON,N,0.0,1,H,2021-06-25 13:00:22.871000+00:00,0.0,500.0,EUR,0.2,MAW,0.0,MWH,[0]
53,11591799840,11591799840,0.0,SELL,Intraday_Quarter_Hour_Power,2021-06-26 06:30:00+00:00,2021-06-26 06:45:00+00:00,2021-06-25 13:00:22.871000+00:00,NL,NON,N,0.0,1,H,2021-06-25 13:00:22.871000+00:00,0.0,500.0,EUR,0.5,MAW,0.0,MWH,[0]
54,11591799841,11591799841,0.0,SELL,Intraday_Quarter_Hour_Power,2021-06-26 06:45:00+00:00,2021-06-26 07:00:00+00:00,2021-06-25 13:00:22.871000+00:00,NL,NON,N,0.0,1,H,2021-06-25 13:00:22.871000+00:00,0.0,500.0,EUR,0.8,MAW,0.0,MWH,[0]
55,11591799842,11591799842,0.0,SELL,Intraday_Quarter_Hour_Power,2021-06-26 20:00:00+00:00,2021-06-26 20:15:00+00:00,2021-06-25 13:00:22.871000+00:00,NL,NON,N,0.0,1,H,2021-06-25 13:00:22.871000+00:00,0.0,500.0,EUR,0.2,MAW,0.0,MWH,[0]
56,11591799843,11591799843,0.0,SELL,Intraday_Quarter_Hour_Power,2021-06-26 20:15:00+00:00,2021-06-26 20:30:00+00:00,2021-06-25 13:00:22.871000+00:00,NL,NON,N,0.0,1,H,2021-06-25 13:00:22.871000+00:00,0.0,500.0,EUR,0.5,MAW,0.0,MWH,[0]
57,11591799844,11591799844,0.0,SELL,Intraday_Quarter_Hour_Power,2021-06-26 20:45:00+00:00,2021-06-26 21:00:00+00:00,2021-06-25 13:00:22.871000+00:00,NL,NON,N,0.0,1,H,2021-06-25 13:00:22.871000+00:00,0.0,500.0,EUR,0.6,MAW,0.0,MWH,[0]
58,11591799845,11591799845,0.0,SELL,Intraday_Quarter_Hour_Power,2021-06-26 17:15:00+00:00,2021-06-26 17:30:00+00:00,2021-06-25 13:00:22.871000+00:00,NL,NON,N,0.0,1,H,2021-06-25 13:00:22.871000+00:00,0.0,500.0,EUR,1.0,MAW,0.0,MWH,[0]
59,11591799846,11591799846,0.0,SELL,Intraday_Quarter_Hour_Power,2021-06-26 17:30:00+00:00,2021-06-26 17:45:00+00:00,2021-06-25 13:00:22.871000+00:00,NL,NON,N,0.0,1,H,2021-06-25 13:00:22.871000+00:00,0.0,500.0,EUR,2.0,MAW,0.0,MWH,[0]
60,11591799847,11591799847,0.0,SELL,Intraday_Quarter_Hour_Power,2021-06-26 17:45:00+00:00,2021-06-26 18:00:00+00:00,2021-06-25 13:00:22.871000+00:00,NL,NON,N,0.0,1,H,2021-06-25 13:00:22.871000+00:00,0.0,500.0,EUR,2.0,MAW,0.0,MWH,[0]
61,11591799848,11591799848,0.0,SELL,Intraday_Quarter_Hour_Power,2021-06-26 04:00:00+00:00,2021-06-26 04:15:00+00:00,2021-06-25 13:00:22.871000+00:00,NL,NON,N,0.0,1,H,2021-06-25 13:00:22.871000+00:00,0.0,500.0,EUR,1.0,MAW,0.0,MWH,[0]
62,11591799849,11591799849,0.0,SELL,Intraday_Quarter_Hour_Power,2021-06-26 04:15:00+00:00,2021-06-26 04:30:00+00:00,2021-06-25 13:00:22.871000+00:00,NL,NON,N,0.0,1,H,2021-06-25 13:00:22.871000+00:00,0.0,500.0,EUR,0.7,MAW,0.0,MWH,[0]
63,11591799850,11591799850,0.0,SELL,Intraday_Quarter_Hour_Power,2021-06-26 04:30:00+00:00,2021-06-26 04:45:00+00:00,2021-06-25 13:00:22.871000+00:00,NL,NON,N,0.0,1,H,2021-06-25 13:00:22.871000+00:00,0.0,500.0,EUR,0.3,MAW,0.0,MWH,[0]
64,11591799851,11591799851,0.0,SELL,Intraday_Quarter_Hour_Power,2021-06-26 08:30:00+00:00,2021-06-26 08:45:00+00:00,2021-06-25 13:00:22.871000+00:00,NL,NON,N,0.0,1,H,2021-06-25 13:00:22.871000+00:00,0.0,500.0,EUR,0.2,MAW,0.0,MWH,[0]
65,11591799852,11591799852,0.0,SELL,Intraday_Quarter_Hour_Power,2021-06-26 08:45:00+00:00,2021-06-26 09:00:00+00:00,2021-06-25 13:00:22.871000+00:00,NL,NON,N,0.0,1,H,2021-06-25 13:00:22.871000+00:00,0.0,500.0,EUR,0.3,MAW,0.0,MWH,[0]
66,11591799853,11591799853,0.0,SELL,Intraday_Quarter_Hour_Power,2021-06-26 12:00:00+00:00,2021-06-26 12:15:00+00:00,2021-06-25 13:00:22.871000+00:00,NL,NON,N,0.0,1,H,2021-06-25 13:00:22.871000+00:00,0.0,500.0,EUR,0.2,MAW,0.0,MWH,[0]
67,11591799854,11591799854,0.0,SELL,Intraday_Quarter_Hour_Power,2021-06-26 12:45:00+00:00,2021-06-26 13:00:00+00:00,2021-06-25 13:00:22.871000+00:00,NL,NON,N,0.0,1,H,2021-06-25 13:00:22.871000+00:00,0.0,500.0,EUR,0.1,MAW,0.0,MWH,[0]
68,11591799855,11591799855,0.0,SELL,Intraday_Quarter_Hour_Power,2021-06-26 09:15:00+00:00,2021-06-26 09:30:00+00:00,2021-06-25 13:00:22.871000+00:00,NL,NON,N,0.0,1,H,2021-06-25 13:00:22.871000+00:00,0.0,500.0,EUR,0.1,MAW,0.0,MWH,[0]
69,11591799856,11591799856,0.0,SELL,Intraday_Quarter_Hour_Power,2021-06-26 09:30:00+00:00,2021-06-26 09:45:00+00:00,2021-06-25 13:00:22.871000+00:00,NL,NON,N,0.0,1,H,2021-06-25 13:00:22.871000+00:00,0.0,500.0,EUR,0.1,MAW,0.0,MWH,[0]
70,11591799857,11591799857,0.0,SELL,Intraday_Quarter_Hour_Power,2021-06-26 09:45:00+00:00,2021-06-26 10:00:00+00:00,2021-06-25 13:00:22.871000+00:00,NL,NON,N,0.0,1,H,2021-06-25 13:00:22.871000+00:00,0.0,500.0,EUR,0.1,MAW,0.0,MWH,[0]
71,11591799971,11591799971,0.0,SELL,Intraday_Quarter_Hour_Power,2021-06-26 03:00:00+00:00,2021-06-26 03:15:00+00:00,2021-06-25 13:00:23.998000+00:00,NL,NON,N,0.0,1,H,2021-06-25 13:00:23.998000+00:00,0.0,500.0,EUR,1.0,MAW,0.0,MWH,[0]
72,11591799972,11591799972,0.0,SELL,Intraday_Quarter_Hour_Power,2021-06-26 03:15:00+00:00,2021-06-26 03:30:00+00:00,2021-06-25 13:00:23.998000+00:00,NL,NON,N,0.0,1,H,2021-06-25 13:00:23.998000+00:00,0.0,500.0,EUR,1.0,MAW,0.0,MWH,[0]
73,11591799973,11591799973,0.0,SELL,Intraday_Quarter_Hour_Power,2021-06-26 03:30:00+00:00,2021-06-26 03:45:00+00:00,2021-06-25 13:00:23.998000+00:00,NL,NON,N,0.0,1,H,2021-06-25 13:00:23.998000+00:00,0.0,500.0,EUR,0.5,MAW,0.0,MWH,[0]
74,11591799976,11591799976,0.0,SELL,Intraday_Quarter_Hour_Power,2021-06-26 21:00:00+00:00,2021-06-26 21:15:00+00:00,2021-06-25 13:00:23.998000+00:00,NL,NON,N,0.0,1,H,2021-06-25 13:00:23.998000+00:00,0.0,500.0,EUR,1.0,MAW,0.0,MWH,[0]
75,11591799977,11591799977,0.0,SELL,Intraday_Quarter_Hour_Power,2021-06-26 21:15:00+00:00,2021-06-26 21:30:00+00:00,2021-06-25 13:00:23.998000+00:00,NL,NON,N,0.0,1,H,2021-06-25 13:00:23.998000+00:00,0.0,500.0,EUR,1.0,MAW,0.0,MWH,[0]
76,11591799978,11591799978,0.0,SELL,Intraday_Quarter_Hour_Power,2021-06-26 21:30:00+00:00,2021-06-26 21:45:00+00:00,2021-06-25 13:00:23.998000+00:00,NL,NON,N,0.0,1,H,2021-06-25 13:00:23.998000+00:00,0.0,500.0,EUR,0.8,MAW,0.0,MWH,[0]
77,11591799970,11591799970,0.0,SELL,XBID_Hour_Power,2021-06-26 03:00:00+00:00,2021-06-26 04:00:00+00:00,2021-06-25 13:00:24.013000+00:00,NL,NON,N,0.0,1,H,2021-06-25 13:00:24.013000+00:00,0.0,500.0,EUR,1.0,MAW,0.0,MWH,[0]
78,11591799974,11591799974,0.0,SELL,XBID_Hour_Power,2021-06-26 05:00:00+00:00,2021-06-26 06:00:00+00:00,2021-06-25 13:00:24.013000+00:00,NL,NON,N,0.0,1,H,2021-06-25 13:00:24.013000+00:00,0.0,500.0,EUR,1.0,MAW,0.0,MWH,[0]
79,11591799975,11591799975,0.0,SELL,XBID_Hour_Power,2021-06-26 21:00:00+00:00,2021-06-26 22:00:00+00:00,2021-06-25 13:00:24.013000+00:00,NL,NON,N,0.0,1,H,2021-06-25 13:00:24.013000+00:00,0.0,500.0,EUR,4.0,MAW,0.0,MWH,[0]
80,11591800258,11591800258,0.0,SELL,Intraday_Quarter_Hour_Power,2021-06-25 23:00:00+00:00,2021-06-25 23:15:00+00:00,2021-06-25 13:00:25.586000+00:00,NL,NON,N,0.0,1,H,2021-06-25 13:00:25.586000+00:00,0.0,500.0,EUR,1.0,MAW,0.0,MWH,[0]
81,11591800259,11591800259,0.0,SELL,Intraday_Quarter_Hour_Power,2021-06-25 23:15:00+00:00,2021-06-25 23:30:00+00:00,2021-06-25 13:00:25.586000+00:00,NL,NON,N,0.0,1,H,2021-06-25 13:00:25.586000+00:00,0.0,500.0,EUR,1.0,MAW,0.0,MWH,[0]
82,11591800260,11591800260,0.0,SELL,Intraday_Quarter_Hour_Power,2021-06-25 23:30:00+00:00,2021-06-25 23:45:00+00:00,2021-06-25 13:00:25.586000+00:00,NL,NON,N,0.0,1,H,2021-06-25 13:00:25.586000+00:00,0.0,500.0,EUR,0.8,MAW,0.0,MWH,[0]
83,11591800257,11591800257,0.0,SELL,XBID_Hour_Power,2021-06-25 23:00:00+00:00,2021-06-26 00:00:00+00:00,2021-06-25 13:00:25.818000+00:00,NL,NON,N,0.0,1,H,2021-06-25 13:00:25.818000+00:00,0.0,500.0,EUR,4.0,MAW,0.0,MWH,[0]
84,11591800308,11591800308,0.0,SELL,XBID_Hour_Power,2021-06-26 18:00:00+00:00,2021-06-26 19:00:00+00:00,2021-06-25 13:00:26.049000+00:00,NL,NON,N,0.0,1,H,2021-06-25 13:00:26.049000+00:00,0.0,500.0,EUR,2.0,MAW,0.0,MWH,[0]
85,11591801232,11591801232,0.0,SELL,Intraday_Quarter_Hour_Power,2021-06-26 13:30:00+00:00,2021-06-26 13:45:00+00:00,2021-06-25 13:00:35.899000+00:00,NL,NON,N,0.0,1,H,2021-06-25 13:00:35.899000+00:00,0.0,500.0,EUR,0.1,MAW,0.0,MWH,[0]
86,11591801233,11591801233,0.0,SELL,Intraday_Quarter_Hour_Power,2021-06-26 13:45:00+00:00,2021-06-26 14:00:00+00:00,2021-06-25 13:00:35.899000+00:00,NL,NON,N,0.0,1,H,2021-06-25 13:00:35.899000+00:00,0.0,500.0,EUR,0.4,MAW,0.0,MWH,[0]
87,11591801379,11591801379,0.0,SELL,Intraday_Quarter_Hour_Power,2021-06-26 18:15:00+00:00,2021-06-26 18:30:00+00:00,2021-06-25 13:00:37.058000+00:00,NL,NON,N,0.0,1,H,2021-06-25 13:00:37.058000+00:00,0.0,500.0,EUR,1.0,MAW,0.0,MWH,[0]
88,11591801380,11591801380,0.0,SELL,Intraday_Quarter_Hour_Power,2021-06-26 18:30:00+00:00,2021-06-26 18:45:00+00:00,2021-06-25 13:00:37.058000+00:00,NL,NON,N,0.0,1,H,2021-06-25 13:00:37.058000+00:00,0.0,500.0,EUR,1.0,MAW,0.0,MWH,[0]
89,11591801381,11591801381,0.0,SELL,Intraday_Quarter_Hour_Power,2021-06-26 18:45:00+00:00,2021-06-26 19:00:00+00:00,2021-06-25 13:00:37.058000+00:00,NL,NON,N,0.0,1,H,2021-06-25 13:00:37.058000+00:00,0.0,500.0,EUR,2.0,MAW,0.0,MWH,[0]
90,11591804691,11591804691,0.0,SELL,XBID_Quarter_Hour_Power,2021-06-26 04:00:00+00:00,2021-06-26 04:15:00+00:00,2021-06-25 13:04:01.336000+00:00,NL,NON,N,0.0,1,A,2021-06-25 13:04:01.336000+00:00,0.0,500.0,EUR,1.0,MAW,0.25,MWH,[0]
91,11591805692,11591805692,0.0,SELL,XBID_Quarter_Hour_Power,2021-06-26 03:15:00+00:00,2021-06-26 03:30:00+00:00,2021-06-25 13:04:08.979000+00:00,NL,NON,N,0.0,1,A,2021-06-25 13:04:08.979000+00:00,0.0,500.0,EUR,1.0,MAW,0.25,MWH,[0]
92,11591808263,11591808263,0.0,BUY,XBID_Quarter_Hour_Power,2021-06-25 22:00:00+00:00,2021-06-25 22:15:00+00:00,2021-06-25 13:04:35.058000+00:00,NL,NON,N,0.0,1,A,2021-06-25 13:04:35.058000+00:00,0.0,63.0,EUR,10.0,MAW,2.5,MWH,[0]
93,11591808264,11591808264,0.0,BUY,XBID_Quarter_Hour_Power,2021-06-25 22:15:00+00:00,2021-06-25 22:30:00+00:00,2021-06-25 13:04:35.058000+00:00,NL,NON,N,0.0,1,A,2021-06-25 13:04:35.058000+00:00,0.0,63.0,EUR,10.0,MAW,2.5,MWH,[0]
94,11591808266,11591808266,0.0,BUY,XBID_Quarter_Hour_Power,2021-06-25 23:00:00+00:00,2021-06-25 23:15:00+00:00,2021-06-25 13:04:35.058000+00:00,NL,NON,N,0.0,1,A,2021-06-25 13:04:35.058000+00:00,0.0,63.0,EUR,10.0,MAW,2.5,MWH,[0]
95,11591808267,11591808267,0.0,BUY,XBID_Quarter_Hour_Power,2021-06-25 23:15:00+00:00,2021-06-25 23:30:00+00:00,2021-06-25 13:04:35.058000+00:00,NL,NON,N,0.0,1,A,2021-06-25 13:04:35.058000+00:00,0.0,63.0,EUR,10.0,MAW,2.5,MWH,[0]
96,11591808268,11591808268,0.0,BUY,XBID_Quarter_Hour_Power,2021-06-25 23:30:00+00:00,2021-06-25 23:45:00+00:00,2021-06-25 13:04:35.058000+00:00,NL,NON,N,0.0,1,A,2021-06-25 13:04:35.058000+00:00,0.0,63.0,EUR,10.0,MAW,2.5,MWH,[0]
97,11591808269,11591808269,0.0,BUY,XBID_Quarter_Hour_Power,2021-06-26 00:00:00+00:00,2021-06-26 00:15:00+00:00,2021-06-25 13:04:35.058000+00:00,NL,NON,N,0.0,1,A,2021-06-25 13:04:35.058000+00:00,0.0,63.0,EUR,10.0,MAW,2.5,MWH,[0]
98,11591808270,11591808270,0.0,BUY,XBID_Quarter_Hour_Power,2021-06-26 00:15:00+00:00,2021-06-26 00:30:00+00:00,2021-06-25 13:04:35.058000+00:00,NL,NON,N,0.0,1,A,2021-06-25 13:04:35.058000+00:00,0.0,63.0,EUR,10.0,MAW,2.5,MWH,[0]
99,11591808271,11591808271,0.0,BUY,XBID_Quarter_Hour_Power,2021-06-26 00:30:00+00:00,2021-06-26 00:45:00+00:00,2021-06-25 13:04:35.058000+00:00,NL,NON,N,0.0,1,A,2021-06-25 13:04:35.058000+00:00,0.0,63.0,EUR,10.0,MAW,2.5,MWH,[0]
100,11591812103,11591812103,0.0,SELL,Intraday_Hour_Power,2021-06-25 23:00:00+00:00,2021-06-26 00:00:00+00:00,2021-06-25 13:05:24.597000+00:00,NL,NON,N,0.0,1,H,2021-06-25 13:05:24.597000+00:00,0.0,500.0,EUR,4.0,MAW,0.0,MWH,[0]
101,11591812113,11591812113,0.0,SELL,Intraday_Hour_Power,2021-06-26 19:00:00+00:00,2021-06-26 20:00:00+00:00,2021-06-25 13:05:24.747000+00:00,NL,NON,N,0.0,1,H,2021-06-25 13:05:24.747000+00:00,0.0,500.0,EUR,4.0,MAW,0.0,MWH,[0]
102,11591812114,11591812114,0.0,SELL,Intraday_Hour_Power,2021-06-26 09:00:00+00:00,2021-06-26 10:00:00+00:00,2021-06-25 13:05:24.747000+00:00,NL,NON,N,0.0,1,H,2021-06-25 13:05:24.747000+00:00,0.0,500.0,EUR,1.0,MAW,0.0,MWH,[0]
103,11591812115,11591812115,0.0,SELL,Intraday_Hour_Power,2021-06-26 15:00:00+00:00,2021-06-26 16:00:00+00:00,2021-06-25 13:05:24.747000+00:00,NL,NON,N,0.0,1,H,2021-06-25 13:05:24.747000+00:00,0.0,500.0,EUR,1.0,MAW,0.0,MWH,[0]
104,11591812116,11591812116,0.0,SELL,Intraday_Hour_Power,2021-06-26 20:00:00+00:00,2021-06-26 21:00:00+00:00,2021-06-25 13:05:24.747000+00:00,NL,NON,N,0.0,1,H,2021-06-25 13:05:24.747000+00:00,0.0,500.0,EUR,4.0,MAW,0.0,MWH,[0]
105,11591812117,11591812117,0.0,SELL,Intraday_Hour_Power,2021-06-26 14:00:00+00:00,2021-06-26 15:00:00+00:00,2021-06-25 13:05:24.747000+00:00,NL,NON,N,0.0,1,H,2021-06-25 13:05:24.747000+00:00,0.0,500.0,EUR,1.0,MAW,0.0,MWH,[0]
106,11591812118,11591812118,0.0,SELL,Intraday_Hour_Power,2021-06-26 13:00:00+00:00,2021-06-26 14:00:00+00:00,2021-06-25 13:05:24.747000+00:00,NL,NON,N,0.0,1,H,2021-06-25 13:05:24.747000+00:00,0.0,500.0,EUR,1.0,MAW,0.0,MWH,[0]
107,11591812148,11591812148,0.0,SELL,Intraday_Hour_Power,2021-06-26 00:00:00+00:00,2021-06-26 01:00:00+00:00,2021-06-25 13:05:25.174000+00:00,NL,NON,N,0.0,1,H,2021-06-25 13:05:25.174000+00:00,0.0,500.0,EUR,4.0,MAW,0.0,MWH,[0]
108,11591812196,11591812196,0.0,SELL,Intraday_Hour_Power,2021-06-26 16:00:00+00:00,2021-06-26 17:00:00+00:00,2021-06-25 13:05:25.743000+00:00,NL,NON,N,0.0,1,H,2021-06-25 13:05:25.743000+00:00,0.0,500.0,EUR,2.0,MAW,0.0,MWH,[0]
109,11591812197,11591812197,0.0,SELL,Intraday_Hour_Power,2021-06-26 04:00:00+00:00,2021-06-26 05:00:00+00:00,2021-06-25 13:05:25.743000+00:00,NL,NON,N,0.0,1,H,2021-06-25 13:05:25.743000+00:00,0.0,500.0,EUR,1.0,MAW,0.0,MWH,[0]
110,11591812238,11591812238,0.0,SELL,Intraday_Hour_Power,2021-06-25 22:00:00+00:00,2021-06-25 23:00:00+00:00,2021-06-25 13:05:26.787000+00:00,NL,NON,N,0.0,1,H,2021-06-25 13:05:26.787000+00:00,0.0,500.0,EUR,4.0,MAW,0.0,MWH,[0]
111,11591812279,11591812279,0.0,SELL,Intraday_Hour_Power,2021-06-26 21:00:00+00:00,2021-06-26 22:00:00+00:00,2021-06-25 13:05:27.857000+00:00,NL,NON,N,0.0,1,H,2021-06-25 13:05:27.857000+00:00,0.0,500.0,EUR,4.0,MAW,0.0,MWH,[0]
112,11591812335,11591812335,0.0,SELL,Intraday_Hour_Power,2021-06-26 01:00:00+00:00,2021-06-26 02:00:00+00:00,2021-06-25 13:05:29.128000+00:00,NL,NON,N,0.0,1,H,2021-06-25 13:05:29.128000+00:00,0.0,500.0,EUR,2.0,MAW,0.0,MWH,[0]
113,11591812336,11591812336,0.0,SELL,Intraday_Hour_Power,2021-06-26 17:00:00+00:00,2021-06-26 18:00:00+00:00,2021-06-25 13:05:29.128000+00:00,NL,NON,N,0.0,1,H,2021-06-25 13:05:29.128000+00:00,0.0,500.0,EUR,2.0,MAW,0.0,MWH,[0]
114,11591812337,11591812337,0.0,SELL,Intraday_Hour_Power,2021-06-26 10:00:00+00:00,2021-06-26 11:00:00+00:00,2021-06-25 13:05:29.128000+00:00,NL,NON,N,0.0,1,H,2021-06-25 13:05:29.128000+00:00,0.0,500.0,EUR,1.0,MAW,0.0,MWH,[0]
115,11591812371,11591812371,0.0,SELL,Intraday_Hour_Power,2021-06-26 05:00:00+00:00,2021-06-26 06:00:00+00:00,2021-06-25 13:05:30.061000+00:00,NL,NON,N,0.0,1,H,2021-06-25 13:05:30.061000+00:00,0.0,500.0,EUR,1.0,MAW,0.0,MWH,[0]
116,11591812478,11591812478,0.0,SELL,Intraday_Hour_Power,2021-06-26 02:00:00+00:00,2021-06-26 03:00:00+00:00,2021-06-25 13:05:31.918000+00:00,NL,NON,N,0.0,1,H,2021-06-25 13:05:31.918000+00:00,0.0,500.0,EUR,2.0,MAW,0.0,MWH,[0]
117,11591812479,11591812479,0.0,SELL,Intraday_Hour_Power,2021-06-26 06:00:00+00:00,2021-06-26 07:00:00+00:00,2021-06-25 13:05:31.918000+00:00,NL,NON,N,0.0,1,H,2021-06-25 13:05:31.918000+00:00,0.0,500.0,EUR,1.0,MAW,0.0,MWH,[0]
118,11591812480,11591812480,0.0,SELL,Intraday_Hour_Power,2021-06-26 12:00:00+00:00,2021-06-26 13:00:00+00:00,2021-06-25 13:05:31.918000+00:00,NL,NON,N,0.0,1,H,2021-06-25 13:05:31.918000+00:00,0.0,500.0,EUR,1.0,MAW,0.0,MWH,[0]
119,11591812549,11591812549,0.0,SELL,Intraday_Hour_Power,2021-06-26 08:00:00+00:00,2021-06-26 09:00:00+00:00,2021-06-25 13:05:33.187000+00:00,NL,NON,N,0.0,1,H,2021-06-25 13:05:33.187000+00:00,0.0,500.0,EUR,1.0,MAW,0.0,MWH,[0]
120,11591812550,11591812550,0.0,SELL,Intraday_Hour_Power,2021-06-26 18:00:00+00:00,2021-06-26 19:00:00+00:00,2021-06-25 13:05:33.187000+00:00,NL,NON,N,0.0,1,H,2021-06-25 13:05:33.187000+00:00,0.0,500.0,EUR,2.0,MAW,0.0,MWH,[0]
121,11591812551,11591812551,0.0,SELL,Intraday_Hour_Power,2021-06-26 07:00:00+00:00,2021-06-26 08:00:00+00:00,2021-06-25 13:05:33.187000+00:00,NL,NON,N,0.0,1,H,2021-06-25 13:05:33.187000+00:00,0.0,500.0,EUR,1.0,MAW,0.0,MWH,[0]
122,11591812673,11591812673,0.0,SELL,Intraday_Hour_Power,2021-06-26 11:00:00+00:00,2021-06-26 12:00:00+00:00,2021-06-25 13:05:36.073000+00:00,NL,NON,N,0.0,1,H,2021-06-25 13:05:36.073000+00:00,0.0,500.0,EUR,1.0,MAW,0.0,MWH,[0]
123,11591812674,11591812674,0.0,SELL,Intraday_Hour_Power,2021-06-26 03:00:00+00:00,2021-06-26 04:00:00+00:00,2021-06-25 13:05:36.073000+00:00,NL,NON,N,0.0,1,H,2021-06-25 13:05:36.073000+00:00,0.0,500.0,EUR,1.0,MAW,0.0,MWH,[0]
124,11591812832,11591805270,11591805270.0,SELL,XBID_Quarter_Hour_Power,2021-06-26 01:00:00+00:00,2021-06-26 01:15:00+00:00,2021-06-25 13:05:40.785000+00:00,NL,NON,N,0.0,2,C,2021-06-25 13:09:38.284000+00:00,0.0,500.0,EUR,1.0,MAW,0.25,MWH,[0]
125,11591812833,11591805271,11591805271.0,SELL,XBID_Quarter_Hour_Power,2021-06-26 01:15:00+00:00,2021-06-26 01:30:00+00:00,2021-06-25 13:05:40.785000+00:00,NL,NON,N,0.0,2,C,2021-06-25 13:09:38.284000+00:00,0.0,500.0,EUR,1.0,MAW,0.25,MWH,[0]
126,11591812834,11591805272,11591805272.0,SELL,XBID_Quarter_Hour_Power,2021-06-26 01:30:00+00:00,2021-06-26 01:45:00+00:00,2021-06-25 13:05:40.785000+00:00,NL,NON,N,0.0,2,C,2021-06-25 13:09:38.284000+00:00,0.0,500.0,EUR,1.0,MAW,0.25,MWH,[0]
127,11591812835,11591805155,11591805155.0,SELL,XBID_Quarter_Hour_Power,2021-06-26 17:15:00+00:00,2021-06-26 17:30:00+00:00,2021-06-25 13:05:40.785000+00:00,NL,NON,N,0.0,2,C,2021-06-25 13:09:07.141000+00:00,0.0,500.0,EUR,1.0,MAW,0.25,MWH,[0]
128,11591812836,11591805156,11591805156.0,SELL,XBID_Quarter_Hour_Power,2021-06-26 17:30:00+00:00,2021-06-26 17:45:00+00:00,2021-06-25 13:05:40.785000+00:00,NL,NON,N,0.0,2,C,2021-06-25 13:09:07.141000+00:00,0.0,500.0,EUR,2.0,MAW,0.5,MWH,[0]
129,11591812837,11591805157,11591805157.0,SELL,XBID_Quarter_Hour_Power,2021-06-26 17:45:00+00:00,2021-06-26 18:00:00+00:00,2021-06-25 13:05:40.785000+00:00,NL,NON,N,0.0,2,C,2021-06-25 13:09:07.141000+00:00,0.0,500.0,EUR,2.0,MAW,0.5,MWH,[0]
130,11591812838,11591804963,11591804963.0,SELL,XBID_Quarter_Hour_Power,2021-06-26 10:00:00+00:00,2021-06-26 10:15:00+00:00,2021-06-25 13:05:40.785000+00:00,NL,NON,N,0.0,2,C,2021-06-25 13:09:09.459000+00:00,0.0,500.0,EUR,0.9,MAW,0.225,MWH,[0]
131,11591812839,11591804964,11591804964.0,SELL,XBID_Quarter_Hour_Power,2021-06-26 10:15:00+00:00,2021-06-26 10:30:00+00:00,2021-06-25 13:05:40.785000+00:00,NL,NON,N,0.0,2,C,2021-06-25 13:09:09.459000+00:00,0.0,500.0,EUR,0.9,MAW,0.225,MWH,[0]
132,11591812840,11591804965,11591804965.0,SELL,XBID_Quarter_Hour_Power,2021-06-26 10:30:00+00:00,2021-06-26 10:45:00+00:00,2021-06-25 13:05:40.785000+00:00,NL,NON,N,0.0,2,C,2021-06-25 13:09:09.459000+00:00,0.0,500.0,EUR,0.8,MAW,0.2,MWH,[0]
133,11591812845,11591805265,11591805265.0,SELL,XBID_Quarter_Hour_Power,2021-06-26 08:30:00+00:00,2021-06-26 08:45:00+00:00,2021-06-25 13:05:40.812000+00:00,NL,NON,N,0.0,2,C,2021-06-25 13:09:25.962000+00:00,0.0,500.0,EUR,0.2,MAW,0.05,MWH,[0]
134,11591812846,11591805266,11591805266.0,SELL,XBID_Quarter_Hour_Power,2021-06-26 08:45:00+00:00,2021-06-26 09:00:00+00:00,2021-06-25 13:05:40.812000+00:00,NL,NON,N,0.0,2,C,2021-06-25 13:09:25.962000+00:00,0.0,500.0,EUR,0.3,MAW,0.075,MWH,[0]
135,11591812847,11591805290,11591805290.0,SELL,XBID_Quarter_Hour_Power,2021-06-26 18:15:00+00:00,2021-06-26 18:30:00+00:00,2021-06-25 13:05:40.812000+00:00,NL,NON,N,0.0,2,C,2021-06-25 13:09:19.356000+00:00,0.0,500.0,EUR,1.0,MAW,0.25,MWH,[0]
136,11591812848,11591805291,11591805291.0,SELL,XBID_Quarter_Hour_Power,2021-06-26 18:30:00+00:00,2021-06-26 18:45:00+00:00,2021-06-25 13:05:40.812000+00:00,NL,NON,N,0.0,2,C,2021-06-25 13:09:19.356000+00:00,0.0,500.0,EUR,1.0,MAW,0.25,MWH,[0]
137,11591812849,11591805292,11591805292.0,SELL,XBID_Quarter_Hour_Power,2021-06-26 18:45:00+00:00,2021-06-26 19:00:00+00:00,2021-06-25 13:05:40.812000+00:00,NL,NON,N,0.0,2,C,2021-06-25 13:09:19.356000+00:00,0.0,500.0,EUR,2.0,MAW,0.5,MWH,[0]
138,11591812850,11591805694,11591805694.0,SELL,XBID_Quarter_Hour_Power,2021-06-26 07:15:00+00:00,2021-06-26 07:30:00+00:00,2021-06-25 13:05:40.812000+00:00,NL,NON,N,0.0,2,C,2021-06-25 13:09:11.826000+00:00,0.0,500.0,EUR,0.3,MAW,0.075,MWH,[0]
139,11591812851,11591805695,11591805695.0,SELL,XBID_Quarter_Hour_Power,2021-06-26 07:30:00+00:00,2021-06-26 07:45:00+00:00,2021-06-25 13:05:40.812000+00:00,NL,NON,N,0.0,2,C,2021-06-25 13:09:11.826000+00:00,0.0,500.0,EUR,0.6,MAW,0.15,MWH,[0]
140,11591812852,11591805696,11591805696.0,SELL,XBID_Quarter_Hour_Power,2021-06-26 07:45:00+00:00,2021-06-26 08:00:00+00:00,2021-06-25 13:05:40.812000+00:00,NL,NON,N,0.0,2,C,2021-06-25 13:09:11.826000+00:00,0.0,500.0,EUR,0.8,MAW,0.2,MWH,[0]
141,11591812871,11591807529,11591807529.0,SELL,XBID_Quarter_Hour_Power,2021-06-25 23:00:00+00:00,2021-06-25 23:15:00+00:00,2021-06-25 13:05:40.937000+00:00,NL,NON,N,0.0,2,C,2021-06-25 13:09:14.819000+00:00,0.0,500.0,EUR,1.0,MAW,0.25,MWH,[0]
142,11591812872,11591807530,11591807530.0,SELL,XBID_Quarter_Hour_Power,2021-06-25 23:15:00+00:00,2021-06-25 23:30:00+00:00,2021-06-25 13:05:40.937000+00:00,NL,NON,N,0.0,2,C,2021-06-25 13:09:14.819000+00:00,0.0,500.0,EUR,1.0,MAW,0.25,MWH,[0]
143,11591812873,11591807531,11591807531.0,SELL,XBID_Quarter_Hour_Power,2021-06-25 23:30:00+00:00,2021-06-25 23:45:00+00:00,2021-06-25 13:05:40.937000+00:00,NL,NON,N,0.0,2,C,2021-06-25 13:09:14.819000+00:00,0.0,500.0,EUR,0.8,MAW,0.2,MWH,[0]
144,11591812874,11591805267,11591805267.0,SELL,XBID_Quarter_Hour_Power,2021-06-26 00:00:00+00:00,2021-06-26 00:15:00+00:00,2021-06-25 13:05:40.937000+00:00,NL,NON,N,0.0,2,C,2021-06-25 13:09:08.197000+00:00,0.0,500.0,EUR,1.0,MAW,0.25,MWH,[0]
145,11591812875,11591805268,11591805268.0,SELL,XBID_Quarter_Hour_Power,2021-06-26 00:15:00+00:00,2021-06-26 00:30:00+00:00,2021-06-25 13:05:40.937000+00:00,NL,NON,N,0.0,2,C,2021-06-25 13:09:08.197000+00:00,0.0,500.0,EUR,1.0,MAW,0.25,MWH,[0]
146,11591812876,11591805269,11591805269.0,SELL,XBID_Quarter_Hour_Power,2021-06-26 00:30:00+00:00,2021-06-26 00:45:00+00:00,2021-06-25 13:05:40.937000+00:00,NL,NON,N,0.0,2,C,2021-06-25 13:09:08.197000+00:00,0.0,500.0,EUR,1.0,MAW,0.25,MWH,[0]
147,11591812877,11591804711,11591804711.0,SELL,XBID_Quarter_Hour_Power,2021-06-25 22:00:00+00:00,2021-06-25 22:15:00+00:00,2021-06-25 13:05:40.937000+00:00,NL,NON,N,0.0,2,C,2021-06-25 13:09:08.197000+00:00,0.0,500.0,EUR,1.0,MAW,0.25,MWH,[0]
148,11591812878,11591804712,11591804712.0,SELL,XBID_Quarter_Hour_Power,2021-06-25 22:15:00+00:00,2021-06-25 22:30:00+00:00,2021-06-25 13:05:40.937000+00:00,NL,NON,N,0.0,2,C,2021-06-25 13:09:08.197000+00:00,0.0,500.0,EUR,0.9,MAW,0.225,MWH,[0]
149,11591812879,11591804713,11591804713.0,SELL,XBID_Quarter_Hour_Power,2021-06-25 22:30:00+00:00,2021-06-25 22:45:00+00:00,2021-06-25 13:05:40.937000+00:00,NL,NON,N,0.0,2,C,2021-06-25 13:09:08.197000+00:00,0.0,500.0,EUR,0.4,MAW,0.1,MWH,[0]
150,11591812880,11591806222,11591806222.0,SELL,XBID_Quarter_Hour_Power,2021-06-26 21:00:00+00:00,2021-06-26 21:15:00+00:00,2021-06-25 13:05:40.937000+00:00,NL,NON,N,0.0,2,C,2021-06-25 13:09:28.357000+00:00,0.0,500.0,EUR,1.0,MAW,0.25,MWH,[0]
151,11591812881,11591806223,11591806223.0,SELL,XBID_Quarter_Hour_Power,2021-06-26 21:15:00+00:00,2021-06-26 21:30:00+00:00,2021-06-25 13:05:40.937000+00:00,NL,NON,N,0.0,2,C,2021-06-25 13:09:28.357000+00:00,0.0,500.0,EUR,1.0,MAW,0.25,MWH,[0]
152,11591812882,11591806224,11591806224.0,SELL,XBID_Quarter_Hour_Power,2021-06-26 21:30:00+00:00,2021-06-26 21:45:00+00:00,2021-06-25 13:05:40.937000+00:00,NL,NON,N,0.0,2,C,2021-06-25 13:09:28.357000+00:00,0.0,500.0,EUR,0.8,MAW,0.2,MWH,[0]
153,11591812883,11591805263,11591811202.0,SELL,XBID_Quarter_Hour_Power,2021-06-26 05:00:00+00:00,2021-06-26 05:15:00+00:00,2021-06-25 13:05:40.937000+00:00,NL,NON,N,0.0,2,C,2021-06-25 13:09:14.102000+00:00,0.0,500.0,EUR,0.1,MAW,0.025,MWH,[0]
154,11591812884,11591805264,11591811203.0,SELL,XBID_Quarter_Hour_Power,2021-06-26 05:45:00+00:00,2021-06-26 06:00:00+00:00,2021-06-25 13:05:40.937000+00:00,NL,NON,N,0.0,2,C,2021-06-25 13:09:14.102000+00:00,0.0,500.0,EUR,0.1,MAW,0.025,MWH,[0]
155,11591813132,11591804683,11591804683.0,SELL,XBID_Quarter_Hour_Power,2021-06-26 11:00:00+00:00,2021-06-26 11:15:00+00:00,2021-06-25 13:05:41.756000+00:00,NL,NON,N,0.0,2,C,2021-06-25 13:09:21.853000+00:00,0.0,500.0,EUR,0.8,MAW,0.2,MWH,[0]
156,11591813133,11591804684,11591804684.0,SELL,XBID_Quarter_Hour_Power,2021-06-26 11:15:00+00:00,2021-06-26 11:30:00+00:00,2021-06-25 13:05:41.756000+00:00,NL,NON,N,0.0,2,C,2021-06-25 13:09:21.853000+00:00,0.0,500.0,EUR,0.4,MAW,0.1,MWH,[0]
157,11591813134,11591804685,11591804685.0,SELL,XBID_Quarter_Hour_Power,2021-06-26 11:45:00+00:00,2021-06-26 12:00:00+00:00,2021-06-25 13:05:41.756000+00:00,NL,NON,N,0.0,2,C,2021-06-25 13:09:21.853000+00:00,0.0,500.0,EUR,0.7,MAW,0.175,MWH,[0]
158,11591813502,11591804681,11591804681.0,SELL,XBID_Quarter_Hour_Power,2021-06-26 12:00:00+00:00,2021-06-26 12:15:00+00:00,2021-06-25 13:05:45.736000+00:00,NL,NON,N,0.0,2,C,2021-06-25 13:09:22.899000+00:00,0.0,500.0,EUR,0.2,MAW,0.05,MWH,[0]
159,11591813503,11591804682,11591804682.0,SELL,XBID_Quarter_Hour_Power,2021-06-26 12:45:00+00:00,2021-06-26 13:00:00+00:00,2021-06-25 13:05:45.736000+00:00,NL,NON,N,0.0,2,C,2021-06-25 13:09:22.899000+00:00,0.0,500.0,EUR,0.1,MAW,0.025,MWH,[0]
160,11591813579,11591804675,11591804675.0,SELL,XBID_Quarter_Hour_Power,2021-06-26 16:15:00+00:00,2021-06-26 16:30:00+00:00,2021-06-25 13:05:47.030000+00:00,NL,NON,N,0.0,2,C,2021-06-25 13:09:10.335000+00:00,0.0,500.0,EUR,1.0,MAW,0.25,MWH,[0]
161,11591813580,11591804676,11591804676.0,SELL,XBID_Quarter_Hour_Power,2021-06-26 16:30:00+00:00,2021-06-26 16:45:00+00:00,2021-06-25 13:05:47.030000+00:00,NL,NON,N,0.0,2,C,2021-06-25 13:09:10.335000+00:00,0.0,500.0,EUR,1.0,MAW,0.25,MWH,[0]
162,11591813581,11591804677,11591804677.0,SELL,XBID_Quarter_Hour_Power,2021-06-26 16:45:00+00:00,2021-06-26 17:00:00+00:00,2021-06-25 13:05:47.030000+00:00,NL,NON,N,0.0,2,C,2021-06-25 13:09:10.335000+00:00,0.0,500.0,EUR,1.0,MAW,0.25,MWH,[0]
163,11591813625,11591805691,11591805691.0,SELL,XBID_Quarter_Hour_Power,2021-06-26 03:00:00+00:00,2021-06-26 03:15:00+00:00,2021-06-25 13:05:48.087000+00:00,NL,NON,N,0.0,2,C,2021-06-25 13:09:09.459000+00:00,0.0,500.0,EUR,1.0,MAW,0.25,MWH,[0]
164,11591813626,11591805693,11591805693.0,SELL,XBID_Quarter_Hour_Power,2021-06-26 03:30:00+00:00,2021-06-26 03:45:00+00:00,2021-06-25 13:05:48.087000+00:00,NL,NON,N,0.0,2,C,2021-06-25 13:09:09.459000+00:00,0.0,500.0,EUR,0.5,MAW,0.125,MWH,[0]
165,11591814120,11591804678,11591804678.0,SELL,XBID_Quarter_Hour_Power,2021-06-26 02:00:00+00:00,2021-06-26 02:15:00+00:00,2021-06-25 13:05:59.158000+00:00,NL,NON,N,0.0,2,C,2021-06-25 13:09:14.819000+00:00,0.0,500.0,EUR,1.0,MAW,0.25,MWH,[0]
166,11591814121,11591804679,11591804679.0,SELL,XBID_Quarter_Hour_Power,2021-06-26 02:15:00+00:00,2021-06-26 02:30:00+00:00,2021-06-25 13:05:59.158000+00:00,NL,NON,N,0.0,2,C,2021-06-25 13:09:14.819000+00:00,0.0,500.0,EUR,1.0,MAW,0.25,MWH,[0]
167,11591814122,11591804680,11591804680.0,SELL,XBID_Quarter_Hour_Power,2021-06-26 02:30:00+00:00,2021-06-26 02:45:00+00:00,2021-06-25 13:05:59.158000+00:00,NL,NON,N,0.0,2,C,2021-06-25 13:09:14.819000+00:00,0.0,500.0,EUR,1.0,MAW,0.25,MWH,[0]
168,11591814152,11591805451,11591805451.0,SELL,XBID_Quarter_Hour_Power,2021-06-26 06:15:00+00:00,2021-06-26 06:30:00+00:00,2021-06-25 13:05:59.752000+00:00,NL,NON,N,0.0,2,C,2021-06-25 13:09:07.141000+00:00,0.0,500.0,EUR,0.2,MAW,0.05,MWH,[0]
169,11591814153,11591805452,11591805452.0,SELL,XBID_Quarter_Hour_Power,2021-06-26 06:30:00+00:00,2021-06-26 06:45:00+00:00,2021-06-25 13:05:59.752000+00:00,NL,NON,N,0.0,2,C,2021-06-25 13:09:07.141000+00:00,0.0,500.0,EUR,0.5,MAW,0.125,MWH,[0]
170,11591814154,11591805453,11591805453.0,SELL,XBID_Quarter_Hour_Power,2021-06-26 06:45:00+00:00,2021-06-26 07:00:00+00:00,2021-06-25 13:05:59.752000+00:00,NL,NON,N,0.0,2,C,2021-06-25 13:09:07.141000+00:00,0.0,500.0,EUR,0.8,MAW,0.2,MWH,[0]
171,11591814196,11591804692,11591804692.0,SELL,XBID_Quarter_Hour_Power,2021-06-26 04:15:00+00:00,2021-06-26 04:30:00+00:00,2021-06-25 13:06:00.772000+00:00,NL,NON,N,0.0,2,C,2021-06-25 13:09:17.058000+00:00,0.0,500.0,EUR,0.7,MAW,0.175,MWH,[0]
172,11591814197,11591804693,11591804693.0,SELL,XBID_Quarter_Hour_Power,2021-06-26 04:30:00+00:00,2021-06-26 04:45:00+00:00,2021-06-25 13:06:00.772000+00:00,NL,NON,N,0.0,2,C,2021-06-25 13:09:17.058000+00:00,0.0,500.0,EUR,0.3,MAW,0.075,MWH,[0]
173,11591816690,11591816690,0.0,SELL,XBID_Quarter_Hour_Power,2021-06-26 19:15:00+00:00,2021-06-26 19:30:00+00:00,2021-06-25 13:08:39.354000+00:00,NL,NON,N,0.0,2,C,2021-06-25 13:09:09.459000+00:00,0.0,500.0,EUR,1.0,MAW,0.25,MWH,[0]
174,11591816691,11591816691,0.0,SELL,XBID_Quarter_Hour_Power,2021-06-26 19:30:00+00:00,2021-06-26 19:45:00+00:00,2021-06-25 13:08:39.354000+00:00,NL,NON,N,0.0,2,C,2021-06-25 13:09:09.459000+00:00,0.0,500.0,EUR,1.0,MAW,0.25,MWH,[0]
175,11591816692,11591816692,0.0,SELL,XBID_Quarter_Hour_Power,2021-06-26 19:45:00+00:00,2021-06-26 20:00:00+00:00,2021-06-25 13:08:39.354000+00:00,NL,NON,N,0.0,2,C,2021-06-25 13:09:09.459000+00:00,0.0,500.0,EUR,1.0,MAW,0.25,MWH,[0]
176,11591816693,11591816693,0.0,SELL,XBID_Quarter_Hour_Power,2021-06-26 09:15:00+00:00,2021-06-26 09:30:00+00:00,2021-06-25 13:08:39.354000+00:00,NL,NON,N,0.0,2,C,2021-06-25 13:09:11.436000+00:00,0.0,500.0,EUR,0.1,MAW,0.025,MWH,[0]
177,11591816694,11591816694,0.0,SELL,XBID_Quarter_Hour_Power,2021-06-26 09:30:00+00:00,2021-06-26 09:45:00+00:00,2021-06-25 13:08:39.354000+00:00,NL,NON,N,0.0,2,C,2021-06-25 13:09:11.436000+00:00,0.0,500.0,EUR,0.1,MAW,0.025,MWH,[0]
178,11591816695,11591816695,0.0,SELL,XBID_Quarter_Hour_Power,2021-06-26 09:45:00+00:00,2021-06-26 10:00:00+00:00,2021-06-25 13:08:39.354000+00:00,NL,NON,N,0.0,2,C,2021-06-25 13:09:11.436000+00:00,0.0,500.0,EUR,0.1,MAW,0.025,MWH,[0]
179,11591816696,11591816696,0.0,SELL,XBID_Quarter_Hour_Power,2021-06-26 15:15:00+00:00,2021-06-26 15:30:00+00:00,2021-06-25 13:08:39.354000+00:00,NL,NON,N,0.0,1,A,2021-06-25 13:08:39.354000+00:00,0.0,500.0,EUR,1.0,MAW,0.25,MWH,[0]
180,11591816697,11591816697,0.0,SELL,XBID_Quarter_Hour_Power,2021-06-26 15:30:00+00:00,2021-06-26 15:45:00+00:00,2021-06-25 13:08:39.354000+00:00,NL,NON,N,0.0,2,C,2021-06-25 13:09:15.905000+00:00,0.0,500.0,EUR,1.0,MAW,0.25,MWH,[0]
181,11591816698,11591816698,0.0,SELL,XBID_Quarter_Hour_Power,2021-06-26 15:45:00+00:00,2021-06-26 16:00:00+00:00,2021-06-25 13:08:39.354000+00:00,NL,NON,N,0.0,2,C,2021-06-25 13:09:15.905000+00:00,0.0,500.0,EUR,1.0,MAW,0.25,MWH,[0]
182,11591816699,11591816699,0.0,SELL,XBID_Quarter_Hour_Power,2021-06-26 20:00:00+00:00,2021-06-26 20:15:00+00:00,2021-06-25 13:08:39.354000+00:00,NL,NON,N,0.0,2,C,2021-06-25 13:09:09.459000+00:00,0.0,500.0,EUR,0.2,MAW,0.05,MWH,[0]
183,11591816700,11591816700,0.0,SELL,XBID_Quarter_Hour_Power,2021-06-26 20:15:00+00:00,2021-06-26 20:30:00+00:00,2021-06-25 13:08:39.354000+00:00,NL,NON,N,0.0,2,C,2021-06-25 13:09:09.459000+00:00,0.0,500.0,EUR,0.5,MAW,0.125,MWH,[0]
184,11591816701,11591816701,0.0,SELL,XBID_Quarter_Hour_Power,2021-06-26 20:45:00+00:00,2021-06-26 21:00:00+00:00,2021-06-25 13:08:39.354000+00:00,NL,NON,N,0.0,2,C,2021-06-25 13:09:09.459000+00:00,0.0,500.0,EUR,0.6,MAW,0.15,MWH,[0]
185,11591816702,11591816702,0.0,SELL,XBID_Quarter_Hour_Power,2021-06-26 14:15:00+00:00,2021-06-26 14:30:00+00:00,2021-06-25 13:08:39.354000+00:00,NL,NON,N,0.0,2,C,2021-06-25 13:09:06.173000+00:00,0.0,500.0,EUR,0.6,MAW,0.15,MWH,[0]
186,11591816703,11591816703,0.0,SELL,XBID_Quarter_Hour_Power,2021-06-26 14:30:00+00:00,2021-06-26 14:45:00+00:00,2021-06-25 13:08:39.354000+00:00,NL,NON,N,0.0,1,A,2021-06-25 13:08:39.354000+00:00,0.0,500.0,EUR,1.0,MAW,0.25,MWH,[0]
187,11591816704,11591816704,0.0,SELL,XBID_Quarter_Hour_Power,2021-06-26 14:45:00+00:00,2021-06-26 15:00:00+00:00,2021-06-25 13:08:39.354000+00:00,NL,NON,N,0.0,1,A,2021-06-25 13:08:39.354000+00:00,0.0,500.0,EUR,1.0,MAW,0.25,MWH,[0]
188,11591816705,11591816705,0.0,SELL,XBID_Quarter_Hour_Power,2021-06-26 13:30:00+00:00,2021-06-26 13:45:00+00:00,2021-06-25 13:08:39.354000+00:00,NL,NON,N,0.0,2,C,2021-06-25 13:09:08.197000+00:00,0.0,500.0,EUR,0.1,MAW,0.025,MWH,[0]
189,11591816706,11591816706,0.0,SELL,XBID_Quarter_Hour_Power,2021-06-26 13:45:00+00:00,2021-06-26 14:00:00+00:00,2021-06-25 13:08:39.354000+00:00,NL,NON,N,0.0,2,C,2021-06-25 13:09:08.197000+00:00,0.0,500.0,EUR,0.4,MAW,0.1,MWH,[0]
190,11591817163,11591817163,0.0,BUY,XBID_Quarter_Hour_Power,2021-06-25 22:30:00+00:00,2021-06-25 22:45:00+00:00,2021-06-25 13:09:08.985000+00:00,NL,NON,N,0.0,1,A,2021-06-25 13:09:08.985000+00:00,0.0,-0.01,EUR,10.0,MAW,2.5,MWH,[0]
